Subject,Features
18,"7.8125,-9.893685750000001,-1.470454214285713,-3.971350666666666,-6.697582166666667,7.8125,-8.90148575,-9.363949071428573,-2.3456964444444446,2.857261166666666,11.71875,-8.261068,-8.137196,-3.644351388888889,-7.6236135,11.71875,-13.687885437499999,-13.24556035714286,-4.509267,-2.3761101666666664,15.625,-6.5966075,-6.841686785714285,-2.9586558333333333,-6.7860318333333325,15.625,-17.9709314375,-16.715688714285715,-6.1662954444444456,-2.489521666666667,19.53125,-10.1737245625,-1.928643000000001,-4.155536666666667,-9.478998666666667,19.53125,-18.35022525,-16.969404500000003,-6.267444555555556,-10.988802,23.4375,-15.596753625,-13.154686642857143,-3.8664601111111114,-1.8190269999999995,23.4375,-17.250308,-13.281261571428573,-7.1654114999999985,-16.29709766666667"
